--
-- PostgreSQL database dump
--

\restrict ARGbphAXlXEc7CymdACwLXnVznSX6SNq9IK8fcTn2AvfDoyJuMNrJw2b3nLSeHq

-- Dumped from database version 18.3 (Postgres.app)
-- Dumped by pg_dump version 18.2

-- Started on 2026-03-15 13:22:40 -05

SET statement_timeout = 0;
SET lock_timeout = 0;
SET idle_in_transaction_session_timeout = 0;
SET transaction_timeout = 0;
SET client_encoding = 'UTF8';
SET standard_conforming_strings = on;
SELECT pg_catalog.set_config('search_path', '', false);
SET check_function_bodies = false;
SET xmloption = content;
SET client_min_messages = warning;
SET row_security = off;

SET default_tablespace = '';

SET default_table_access_method = heap;

--
-- TOC entry 230 (class 1259 OID 17052)
-- Name: actividades_cuidado; Type: TABLE; Schema: public; Owner: postgres
--

CREATE TABLE public.actividades_cuidado (
    id_actividad integer NOT NULL,
    id_plan integer NOT NULL,
    nombre_actividad character varying(100) NOT NULL,
    tipo character varying(50) NOT NULL,
    hora_programada time without time zone NOT NULL,
    frecuencia character varying(50) NOT NULL
);


ALTER TABLE public.actividades_cuidado OWNER TO postgres;

--
-- TOC entry 229 (class 1259 OID 17051)
-- Name: actividades_cuidado_id_actividad_seq; Type: SEQUENCE; Schema: public; Owner: postgres
--

CREATE SEQUENCE public.actividades_cuidado_id_actividad_seq
    AS integer
    START WITH 1
    INCREMENT BY 1
    NO MINVALUE
    NO MAXVALUE
    CACHE 1;


ALTER SEQUENCE public.actividades_cuidado_id_actividad_seq OWNER TO postgres;

--
-- TOC entry 4061 (class 0 OID 0)
-- Dependencies: 229
-- Name: actividades_cuidado_id_actividad_seq; Type: SEQUENCE OWNED BY; Schema: public; Owner: postgres
--

ALTER SEQUENCE public.actividades_cuidado_id_actividad_seq OWNED BY public.actividades_cuidado.id_actividad;


--
-- TOC entry 244 (class 1259 OID 17168)
-- Name: auth_group; Type: TABLE; Schema: public; Owner: postgres
--

CREATE TABLE public.auth_group (
    id integer NOT NULL,
    name character varying(150) NOT NULL
);


ALTER TABLE public.auth_group OWNER TO postgres;

--
-- TOC entry 243 (class 1259 OID 17167)
-- Name: auth_group_id_seq; Type: SEQUENCE; Schema: public; Owner: postgres
--

ALTER TABLE public.auth_group ALTER COLUMN id ADD GENERATED BY DEFAULT AS IDENTITY (
    SEQUENCE NAME public.auth_group_id_seq
    START WITH 1
    INCREMENT BY 1
    NO MINVALUE
    NO MAXVALUE
    CACHE 1
);


--
-- TOC entry 246 (class 1259 OID 17178)
-- Name: auth_group_permissions; Type: TABLE; Schema: public; Owner: postgres
--

CREATE TABLE public.auth_group_permissions (
    id bigint NOT NULL,
    group_id integer NOT NULL,
    permission_id integer NOT NULL
);


ALTER TABLE public.auth_group_permissions OWNER TO postgres;

--
-- TOC entry 245 (class 1259 OID 17177)
-- Name: auth_group_permissions_id_seq; Type: SEQUENCE; Schema: public; Owner: postgres
--

ALTER TABLE public.auth_group_permissions ALTER COLUMN id ADD GENERATED BY DEFAULT AS IDENTITY (
    SEQUENCE NAME public.auth_group_permissions_id_seq
    START WITH 1
    INCREMENT BY 1
    NO MINVALUE
    NO MAXVALUE
    CACHE 1
);


--
-- TOC entry 242 (class 1259 OID 17158)
-- Name: auth_permission; Type: TABLE; Schema: public; Owner: postgres
--

CREATE TABLE public.auth_permission (
    id integer NOT NULL,
    name character varying(255) NOT NULL,
    content_type_id integer NOT NULL,
    codename character varying(100) NOT NULL
);


ALTER TABLE public.auth_permission OWNER TO postgres;

--
-- TOC entry 241 (class 1259 OID 17157)
-- Name: auth_permission_id_seq; Type: SEQUENCE; Schema: public; Owner: postgres
--

ALTER TABLE public.auth_permission ALTER COLUMN id ADD GENERATED BY DEFAULT AS IDENTITY (
    SEQUENCE NAME public.auth_permission_id_seq
    START WITH 1
    INCREMENT BY 1
    NO MINVALUE
    NO MAXVALUE
    CACHE 1
);


--
-- TOC entry 248 (class 1259 OID 17187)
-- Name: auth_user; Type: TABLE; Schema: public; Owner: postgres
--

CREATE TABLE public.auth_user (
    id integer NOT NULL,
    password character varying(128) NOT NULL,
    last_login timestamp with time zone,
    is_superuser boolean NOT NULL,
    username character varying(150) NOT NULL,
    first_name character varying(150) NOT NULL,
    last_name character varying(150) NOT NULL,
    email character varying(254) NOT NULL,
    is_staff boolean NOT NULL,
    is_active boolean NOT NULL,
    date_joined timestamp with time zone NOT NULL
);


ALTER TABLE public.auth_user OWNER TO postgres;

--
-- TOC entry 250 (class 1259 OID 17206)
-- Name: auth_user_groups; Type: TABLE; Schema: public; Owner: postgres
--

CREATE TABLE public.auth_user_groups (
    id bigint NOT NULL,
    user_id integer NOT NULL,
    group_id integer NOT NULL
);


ALTER TABLE public.auth_user_groups OWNER TO postgres;

--
-- TOC entry 249 (class 1259 OID 17205)
-- Name: auth_user_groups_id_seq; Type: SEQUENCE; Schema: public; Owner: postgres
--

ALTER TABLE public.auth_user_groups ALTER COLUMN id ADD GENERATED BY DEFAULT AS IDENTITY (
    SEQUENCE NAME public.auth_user_groups_id_seq
    START WITH 1
    INCREMENT BY 1
    NO MINVALUE
    NO MAXVALUE
    CACHE 1
);


--
-- TOC entry 247 (class 1259 OID 17186)
-- Name: auth_user_id_seq; Type: SEQUENCE; Schema: public; Owner: postgres
--

ALTER TABLE public.auth_user ALTER COLUMN id ADD GENERATED BY DEFAULT AS IDENTITY (
    SEQUENCE NAME public.auth_user_id_seq
    START WITH 1
    INCREMENT BY 1
    NO MINVALUE
    NO MAXVALUE
    CACHE 1
);


--
-- TOC entry 252 (class 1259 OID 17215)
-- Name: auth_user_user_permissions; Type: TABLE; Schema: public; Owner: postgres
--

CREATE TABLE public.auth_user_user_permissions (
    id bigint NOT NULL,
    user_id integer NOT NULL,
    permission_id integer NOT NULL
);


ALTER TABLE public.auth_user_user_permissions OWNER TO postgres;

--
-- TOC entry 251 (class 1259 OID 17214)
-- Name: auth_user_user_permissions_id_seq; Type: SEQUENCE; Schema: public; Owner: postgres
--

ALTER TABLE public.auth_user_user_permissions ALTER COLUMN id ADD GENERATED BY DEFAULT AS IDENTITY (
    SEQUENCE NAME public.auth_user_user_permissions_id_seq
    START WITH 1
    INCREMENT BY 1
    NO MINVALUE
    NO MAXVALUE
    CACHE 1
);


--
-- TOC entry 254 (class 1259 OID 17276)
-- Name: django_admin_log; Type: TABLE; Schema: public; Owner: postgres
--

CREATE TABLE public.django_admin_log (
    id integer NOT NULL,
    action_time timestamp with time zone NOT NULL,
    object_id text,
    object_repr character varying(200) NOT NULL,
    action_flag smallint NOT NULL,
    change_message text NOT NULL,
    content_type_id integer,
    user_id integer NOT NULL,
    CONSTRAINT django_admin_log_action_flag_check CHECK ((action_flag >= 0))
);


ALTER TABLE public.django_admin_log OWNER TO postgres;

--
-- TOC entry 253 (class 1259 OID 17275)
-- Name: django_admin_log_id_seq; Type: SEQUENCE; Schema: public; Owner: postgres
--

ALTER TABLE public.django_admin_log ALTER COLUMN id ADD GENERATED BY DEFAULT AS IDENTITY (
    SEQUENCE NAME public.django_admin_log_id_seq
    START WITH 1
    INCREMENT BY 1
    NO MINVALUE
    NO MAXVALUE
    CACHE 1
);


--
-- TOC entry 240 (class 1259 OID 17146)
-- Name: django_content_type; Type: TABLE; Schema: public; Owner: postgres
--

CREATE TABLE public.django_content_type (
    id integer NOT NULL,
    app_label character varying(100) NOT NULL,
    model character varying(100) NOT NULL
);


ALTER TABLE public.django_content_type OWNER TO postgres;

--
-- TOC entry 239 (class 1259 OID 17145)
-- Name: django_content_type_id_seq; Type: SEQUENCE; Schema: public; Owner: postgres
--

ALTER TABLE public.django_content_type ALTER COLUMN id ADD GENERATED BY DEFAULT AS IDENTITY (
    SEQUENCE NAME public.django_content_type_id_seq
    START WITH 1
    INCREMENT BY 1
    NO MINVALUE
    NO MAXVALUE
    CACHE 1
);


--
-- TOC entry 238 (class 1259 OID 17134)
-- Name: django_migrations; Type: TABLE; Schema: public; Owner: postgres
--

CREATE TABLE public.django_migrations (
    id bigint NOT NULL,
    app character varying(255) NOT NULL,
    name character varying(255) NOT NULL,
    applied timestamp with time zone NOT NULL
);


ALTER TABLE public.django_migrations OWNER TO postgres;

--
-- TOC entry 237 (class 1259 OID 17133)
-- Name: django_migrations_id_seq; Type: SEQUENCE; Schema: public; Owner: postgres
--

ALTER TABLE public.django_migrations ALTER COLUMN id ADD GENERATED BY DEFAULT AS IDENTITY (
    SEQUENCE NAME public.django_migrations_id_seq
    START WITH 1
    INCREMENT BY 1
    NO MINVALUE
    NO MAXVALUE
    CACHE 1
);


--
-- TOC entry 255 (class 1259 OID 17316)
-- Name: django_session; Type: TABLE; Schema: public; Owner: postgres
--

CREATE TABLE public.django_session (
    session_key character varying(40) NOT NULL,
    session_data text NOT NULL,
    expire_date timestamp with time zone NOT NULL
);


ALTER TABLE public.django_session OWNER TO postgres;

--
-- TOC entry 236 (class 1259 OID 17108)
-- Name: historial_modificaciones; Type: TABLE; Schema: public; Owner: postgres
--

CREATE TABLE public.historial_modificaciones (
    id_historial integer NOT NULL,
    id_plan integer NOT NULL,
    id_usuario integer NOT NULL,
    campo_modificado character varying(100) NOT NULL,
    valor_anterior text,
    valor_nuevo text NOT NULL,
    fecha_modificacion timestamp without time zone DEFAULT CURRENT_TIMESTAMP NOT NULL
);


ALTER TABLE public.historial_modificaciones OWNER TO postgres;

--
-- TOC entry 235 (class 1259 OID 17107)
-- Name: historial_modificaciones_id_historial_seq; Type: SEQUENCE; Schema: public; Owner: postgres
--

CREATE SEQUENCE public.historial_modificaciones_id_historial_seq
    AS integer
    START WITH 1
    INCREMENT BY 1
    NO MINVALUE
    NO MAXVALUE
    CACHE 1;


ALTER SEQUENCE public.historial_modificaciones_id_historial_seq OWNER TO postgres;

--
-- TOC entry 4062 (class 0 OID 0)
-- Dependencies: 235
-- Name: historial_modificaciones_id_historial_seq; Type: SEQUENCE OWNED BY; Schema: public; Owner: postgres
--

ALTER SEQUENCE public.historial_modificaciones_id_historial_seq OWNED BY public.historial_modificaciones.id_historial;


--
-- TOC entry 234 (class 1259 OID 17088)
-- Name: notificaciones; Type: TABLE; Schema: public; Owner: postgres
--

CREATE TABLE public.notificaciones (
    id_notificacion integer NOT NULL,
    id_usuario integer NOT NULL,
    mensaje text NOT NULL,
    fecha_envio timestamp without time zone DEFAULT CURRENT_TIMESTAMP NOT NULL,
    estado character varying(20) NOT NULL
);


ALTER TABLE public.notificaciones OWNER TO postgres;

--
-- TOC entry 233 (class 1259 OID 17087)
-- Name: notificaciones_id_notificacion_seq; Type: SEQUENCE; Schema: public; Owner: postgres
--

CREATE SEQUENCE public.notificaciones_id_notificacion_seq
    AS integer
    START WITH 1
    INCREMENT BY 1
    NO MINVALUE
    NO MAXVALUE
    CACHE 1;


ALTER SEQUENCE public.notificaciones_id_notificacion_seq OWNER TO postgres;

--
-- TOC entry 4063 (class 0 OID 0)
-- Dependencies: 233
-- Name: notificaciones_id_notificacion_seq; Type: SEQUENCE OWNED BY; Schema: public; Owner: postgres
--

ALTER SEQUENCE public.notificaciones_id_notificacion_seq OWNED BY public.notificaciones.id_notificacion;


--
-- TOC entry 226 (class 1259 OID 17013)
-- Name: pacientes; Type: TABLE; Schema: public; Owner: postgres
--

CREATE TABLE public.pacientes (
    id_paciente integer NOT NULL,
    nombre character varying(100) NOT NULL,
    fecha_nacimiento date NOT NULL,
    diagnostico text,
    estado boolean NOT NULL,
    id_cuidador integer NOT NULL
);


ALTER TABLE public.pacientes OWNER TO postgres;

--
-- TOC entry 225 (class 1259 OID 17012)
-- Name: pacientes_id_paciente_seq; Type: SEQUENCE; Schema: public; Owner: postgres
--

CREATE SEQUENCE public.pacientes_id_paciente_seq
    AS integer
    START WITH 1
    INCREMENT BY 1
    NO MINVALUE
    NO MAXVALUE
    CACHE 1;


ALTER SEQUENCE public.pacientes_id_paciente_seq OWNER TO postgres;

--
-- TOC entry 4064 (class 0 OID 0)
-- Dependencies: 225
-- Name: pacientes_id_paciente_seq; Type: SEQUENCE OWNED BY; Schema: public; Owner: postgres
--

ALTER SEQUENCE public.pacientes_id_paciente_seq OWNED BY public.pacientes.id_paciente;


--
-- TOC entry 228 (class 1259 OID 17032)
-- Name: planes_cuidado; Type: TABLE; Schema: public; Owner: postgres
--

CREATE TABLE public.planes_cuidado (
    id_plan integer NOT NULL,
    id_paciente integer NOT NULL,
    descripcion text NOT NULL,
    fecha_creacion timestamp without time zone DEFAULT CURRENT_TIMESTAMP NOT NULL,
    estado boolean NOT NULL
);


ALTER TABLE public.planes_cuidado OWNER TO postgres;

--
-- TOC entry 227 (class 1259 OID 17031)
-- Name: planes_cuidado_id_plan_seq; Type: SEQUENCE; Schema: public; Owner: postgres
--

CREATE SEQUENCE public.planes_cuidado_id_plan_seq
    AS integer
    START WITH 1
    INCREMENT BY 1
    NO MINVALUE
    NO MAXVALUE
    CACHE 1;


ALTER SEQUENCE public.planes_cuidado_id_plan_seq OWNER TO postgres;

--
-- TOC entry 4065 (class 0 OID 0)
-- Dependencies: 227
-- Name: planes_cuidado_id_plan_seq; Type: SEQUENCE OWNED BY; Schema: public; Owner: postgres
--

ALTER SEQUENCE public.planes_cuidado_id_plan_seq OWNED BY public.planes_cuidado.id_plan;


--
-- TOC entry 224 (class 1259 OID 16996)
-- Name: recuperacion_contraseña; Type: TABLE; Schema: public; Owner: postgres
--

CREATE TABLE public."recuperacion_contraseña" (
    id_recuperacion integer NOT NULL,
    id_usuario integer NOT NULL,
    codigo_recuperacion character varying(255) NOT NULL,
    fecha_expiracion timestamp with time zone NOT NULL,
    utilizado boolean NOT NULL
);


ALTER TABLE public."recuperacion_contraseña" OWNER TO postgres;

--
-- TOC entry 223 (class 1259 OID 16995)
-- Name: recuperacion_contraseña_id_recuperacion_seq; Type: SEQUENCE; Schema: public; Owner: postgres
--

CREATE SEQUENCE public."recuperacion_contraseña_id_recuperacion_seq"
    AS integer
    START WITH 1
    INCREMENT BY 1
    NO MINVALUE
    NO MAXVALUE
    CACHE 1;


ALTER SEQUENCE public."recuperacion_contraseña_id_recuperacion_seq" OWNER TO postgres;

--
-- TOC entry 4066 (class 0 OID 0)
-- Dependencies: 223
-- Name: recuperacion_contraseña_id_recuperacion_seq; Type: SEQUENCE OWNED BY; Schema: public; Owner: postgres
--

ALTER SEQUENCE public."recuperacion_contraseña_id_recuperacion_seq" OWNED BY public."recuperacion_contraseña".id_recuperacion;


--
-- TOC entry 232 (class 1259 OID 17070)
-- Name: registro_actividades; Type: TABLE; Schema: public; Owner: postgres
--

CREATE TABLE public.registro_actividades (
    id_registro integer NOT NULL,
    id_actividad integer NOT NULL,
    fecha date NOT NULL,
    estado character varying(20) NOT NULL,
    observaciones text
);


ALTER TABLE public.registro_actividades OWNER TO postgres;

--
-- TOC entry 231 (class 1259 OID 17069)
-- Name: registro_actividades_id_registro_seq; Type: SEQUENCE; Schema: public; Owner: postgres
--

CREATE SEQUENCE public.registro_actividades_id_registro_seq
    AS integer
    START WITH 1
    INCREMENT BY 1
    NO MINVALUE
    NO MAXVALUE
    CACHE 1;


ALTER SEQUENCE public.registro_actividades_id_registro_seq OWNER TO postgres;

--
-- TOC entry 4067 (class 0 OID 0)
-- Dependencies: 231
-- Name: registro_actividades_id_registro_seq; Type: SEQUENCE OWNED BY; Schema: public; Owner: postgres
--

ALTER SEQUENCE public.registro_actividades_id_registro_seq OWNED BY public.registro_actividades.id_registro;


--
-- TOC entry 220 (class 1259 OID 16962)
-- Name: roles; Type: TABLE; Schema: public; Owner: postgres
--

CREATE TABLE public.roles (
    id_rol integer NOT NULL,
    nombre_rol character varying(50) NOT NULL
);


ALTER TABLE public.roles OWNER TO postgres;

--
-- TOC entry 219 (class 1259 OID 16961)
-- Name: roles_id_rol_seq; Type: SEQUENCE; Schema: public; Owner: postgres
--

CREATE SEQUENCE public.roles_id_rol_seq
    AS integer
    START WITH 1
    INCREMENT BY 1
    NO MINVALUE
    NO MAXVALUE
    CACHE 1;


ALTER SEQUENCE public.roles_id_rol_seq OWNER TO postgres;

--
-- TOC entry 4068 (class 0 OID 0)
-- Dependencies: 219
-- Name: roles_id_rol_seq; Type: SEQUENCE OWNED BY; Schema: public; Owner: postgres
--

ALTER SEQUENCE public.roles_id_rol_seq OWNED BY public.roles.id_rol;


--
-- TOC entry 222 (class 1259 OID 16973)
-- Name: usuarios; Type: TABLE; Schema: public; Owner: postgres
--

CREATE TABLE public.usuarios (
    id_usuario integer NOT NULL,
    nombre character varying(100) NOT NULL,
    correo character varying(100) NOT NULL,
    password character varying(255) NOT NULL,
    telefono character varying(20),
    direccion character varying(150),
    id_rol integer NOT NULL,
    fecha_registro timestamp without time zone DEFAULT CURRENT_TIMESTAMP NOT NULL
);


ALTER TABLE public.usuarios OWNER TO postgres;

--
-- TOC entry 221 (class 1259 OID 16972)
-- Name: usuarios_id_usuario_seq; Type: SEQUENCE; Schema: public; Owner: postgres
--

CREATE SEQUENCE public.usuarios_id_usuario_seq
    AS integer
    START WITH 1
    INCREMENT BY 1
    NO MINVALUE
    NO MAXVALUE
    CACHE 1;


ALTER SEQUENCE public.usuarios_id_usuario_seq OWNER TO postgres;

--
-- TOC entry 4069 (class 0 OID 0)
-- Dependencies: 221
-- Name: usuarios_id_usuario_seq; Type: SEQUENCE OWNED BY; Schema: public; Owner: postgres
--

ALTER SEQUENCE public.usuarios_id_usuario_seq OWNED BY public.usuarios.id_usuario;


--
-- TOC entry 257 (class 1259 OID 17330)
-- Name: usuarios_usuario; Type: TABLE; Schema: public; Owner: postgres
--

CREATE TABLE public.usuarios_usuario (
    id bigint NOT NULL,
    nombre character varying(100) NOT NULL,
    correo character varying(254) NOT NULL,
    password character varying(255) NOT NULL
);


ALTER TABLE public.usuarios_usuario OWNER TO postgres;

--
-- TOC entry 256 (class 1259 OID 17329)
-- Name: usuarios_usuario_id_seq; Type: SEQUENCE; Schema: public; Owner: postgres
--

ALTER TABLE public.usuarios_usuario ALTER COLUMN id ADD GENERATED BY DEFAULT AS IDENTITY (
    SEQUENCE NAME public.usuarios_usuario_id_seq
    START WITH 1
    INCREMENT BY 1
    NO MINVALUE
    NO MAXVALUE
    CACHE 1
);


--
-- TOC entry 3771 (class 2604 OID 17055)
-- Name: actividades_cuidado id_actividad; Type: DEFAULT; Schema: public; Owner: postgres
--

ALTER TABLE ONLY public.actividades_cuidado ALTER COLUMN id_actividad SET DEFAULT nextval('public.actividades_cuidado_id_actividad_seq'::regclass);


--
-- TOC entry 3775 (class 2604 OID 17111)
-- Name: historial_modificaciones id_historial; Type: DEFAULT; Schema: public; Owner: postgres
--

ALTER TABLE ONLY public.historial_modificaciones ALTER COLUMN id_historial SET DEFAULT nextval('public.historial_modificaciones_id_historial_seq'::regclass);


--
-- TOC entry 3773 (class 2604 OID 17091)
-- Name: notificaciones id_notificacion; Type: DEFAULT; Schema: public; Owner: postgres
--

ALTER TABLE ONLY public.notificaciones ALTER COLUMN id_notificacion SET DEFAULT nextval('public.notificaciones_id_notificacion_seq'::regclass);


--
-- TOC entry 3768 (class 2604 OID 17016)
-- Name: pacientes id_paciente; Type: DEFAULT; Schema: public; Owner: postgres
--

ALTER TABLE ONLY public.pacientes ALTER COLUMN id_paciente SET DEFAULT nextval('public.pacientes_id_paciente_seq'::regclass);


--
-- TOC entry 3769 (class 2604 OID 17035)
-- Name: planes_cuidado id_plan; Type: DEFAULT; Schema: public; Owner: postgres
--

ALTER TABLE ONLY public.planes_cuidado ALTER COLUMN id_plan SET DEFAULT nextval('public.planes_cuidado_id_plan_seq'::regclass);


--
-- TOC entry 3767 (class 2604 OID 16999)
-- Name: recuperacion_contraseña id_recuperacion; Type: DEFAULT; Schema: public; Owner: postgres
--

ALTER TABLE ONLY public."recuperacion_contraseña" ALTER COLUMN id_recuperacion SET DEFAULT nextval('public."recuperacion_contraseña_id_recuperacion_seq"'::regclass);


--
-- TOC entry 3772 (class 2604 OID 17073)
-- Name: registro_actividades id_registro; Type: DEFAULT; Schema: public; Owner: postgres
--

ALTER TABLE ONLY public.registro_actividades ALTER COLUMN id_registro SET DEFAULT nextval('public.registro_actividades_id_registro_seq'::regclass);


--
-- TOC entry 3764 (class 2604 OID 16965)
-- Name: roles id_rol; Type: DEFAULT; Schema: public; Owner: postgres
--

ALTER TABLE ONLY public.roles ALTER COLUMN id_rol SET DEFAULT nextval('public.roles_id_rol_seq'::regclass);


--
-- TOC entry 3765 (class 2604 OID 16976)
-- Name: usuarios id_usuario; Type: DEFAULT; Schema: public; Owner: postgres
--

ALTER TABLE ONLY public.usuarios ALTER COLUMN id_usuario SET DEFAULT nextval('public.usuarios_id_usuario_seq'::regclass);


--
-- TOC entry 4028 (class 0 OID 17052)
-- Dependencies: 230
-- Data for Name: actividades_cuidado; Type: TABLE DATA; Schema: public; Owner: postgres
--

COPY public.actividades_cuidado (id_actividad, id_plan, nombre_actividad, tipo, hora_programada, frecuencia) FROM stdin;
\.


--
-- TOC entry 4042 (class 0 OID 17168)
-- Dependencies: 244
-- Data for Name: auth_group; Type: TABLE DATA; Schema: public; Owner: postgres
--

COPY public.auth_group (id, name) FROM stdin;
\.


--
-- TOC entry 4044 (class 0 OID 17178)
-- Dependencies: 246
-- Data for Name: auth_group_permissions; Type: TABLE DATA; Schema: public; Owner: postgres
--

COPY public.auth_group_permissions (id, group_id, permission_id) FROM stdin;
\.


--
-- TOC entry 4040 (class 0 OID 17158)
-- Dependencies: 242
-- Data for Name: auth_permission; Type: TABLE DATA; Schema: public; Owner: postgres
--

COPY public.auth_permission (id, name, content_type_id, codename) FROM stdin;
1	Can add log entry	1	add_logentry
2	Can change log entry	1	change_logentry
3	Can delete log entry	1	delete_logentry
4	Can view log entry	1	view_logentry
5	Can add permission	3	add_permission
6	Can change permission	3	change_permission
7	Can delete permission	3	delete_permission
8	Can view permission	3	view_permission
9	Can add group	2	add_group
10	Can change group	2	change_group
11	Can delete group	2	delete_group
12	Can view group	2	view_group
13	Can add user	4	add_user
14	Can change user	4	change_user
15	Can delete user	4	delete_user
16	Can view user	4	view_user
17	Can add content type	5	add_contenttype
18	Can change content type	5	change_contenttype
19	Can delete content type	5	delete_contenttype
20	Can view content type	5	view_contenttype
21	Can add session	6	add_session
22	Can change session	6	change_session
23	Can delete session	6	delete_session
24	Can view session	6	view_session
25	Can add usuario	7	add_usuario
26	Can change usuario	7	change_usuario
27	Can delete usuario	7	delete_usuario
28	Can view usuario	7	view_usuario
\.


--
-- TOC entry 4046 (class 0 OID 17187)
-- Dependencies: 248
-- Data for Name: auth_user; Type: TABLE DATA; Schema: public; Owner: postgres
--

COPY public.auth_user (id, password, last_login, is_superuser, username, first_name, last_name, email, is_staff, is_active, date_joined) FROM stdin;
\.


--
-- TOC entry 4048 (class 0 OID 17206)
-- Dependencies: 250
-- Data for Name: auth_user_groups; Type: TABLE DATA; Schema: public; Owner: postgres
--

COPY public.auth_user_groups (id, user_id, group_id) FROM stdin;
\.


--
-- TOC entry 4050 (class 0 OID 17215)
-- Dependencies: 252
-- Data for Name: auth_user_user_permissions; Type: TABLE DATA; Schema: public; Owner: postgres
--

COPY public.auth_user_user_permissions (id, user_id, permission_id) FROM stdin;
\.


--
-- TOC entry 4052 (class 0 OID 17276)
-- Dependencies: 254
-- Data for Name: django_admin_log; Type: TABLE DATA; Schema: public; Owner: postgres
--

COPY public.django_admin_log (id, action_time, object_id, object_repr, action_flag, change_message, content_type_id, user_id) FROM stdin;
\.


--
-- TOC entry 4038 (class 0 OID 17146)
-- Dependencies: 240
-- Data for Name: django_content_type; Type: TABLE DATA; Schema: public; Owner: postgres
--

COPY public.django_content_type (id, app_label, model) FROM stdin;
1	admin	logentry
2	auth	group
3	auth	permission
4	auth	user
5	contenttypes	contenttype
6	sessions	session
7	usuarios	usuario
\.


--
-- TOC entry 4036 (class 0 OID 17134)
-- Dependencies: 238
-- Data for Name: django_migrations; Type: TABLE DATA; Schema: public; Owner: postgres
--

COPY public.django_migrations (id, app, name, applied) FROM stdin;
1	contenttypes	0001_initial	2026-03-13 16:49:28.992509-05
2	auth	0001_initial	2026-03-13 16:49:29.022531-05
3	admin	0001_initial	2026-03-13 16:49:29.032987-05
4	admin	0002_logentry_remove_auto_add	2026-03-13 16:49:29.036687-05
5	admin	0003_logentry_add_action_flag_choices	2026-03-13 16:49:29.039854-05
6	contenttypes	0002_remove_content_type_name	2026-03-13 16:49:29.048506-05
7	auth	0002_alter_permission_name_max_length	2026-03-13 16:49:29.052227-05
8	auth	0003_alter_user_email_max_length	2026-03-13 16:49:29.055512-05
9	auth	0004_alter_user_username_opts	2026-03-13 16:49:29.061496-05
10	auth	0005_alter_user_last_login_null	2026-03-13 16:49:29.06561-05
11	auth	0006_require_contenttypes_0002	2026-03-13 16:49:29.066128-05
12	auth	0007_alter_validators_add_error_messages	2026-03-13 16:49:29.06912-05
13	auth	0008_alter_user_username_max_length	2026-03-13 16:49:29.074119-05
14	auth	0009_alter_user_last_name_max_length	2026-03-13 16:49:29.077285-05
15	auth	0010_alter_group_name_max_length	2026-03-13 16:49:29.080791-05
16	auth	0011_update_proxy_permissions	2026-03-13 16:49:29.083491-05
17	auth	0012_alter_user_first_name_max_length	2026-03-13 16:49:29.086453-05
18	sessions	0001_initial	2026-03-13 16:49:29.089843-05
19	usuarios	0001_initial	2026-03-13 17:00:09.587304-05
\.


--
-- TOC entry 4053 (class 0 OID 17316)
-- Dependencies: 255
-- Data for Name: django_session; Type: TABLE DATA; Schema: public; Owner: postgres
--

COPY public.django_session (session_key, session_data, expire_date) FROM stdin;
4engghd973b2g1f9ckt8slpx8nidlz6o	.eJyrViotLk0sysxXslIKTixKVAiOKTUwSDXMS85IrVIISi0uKUotyFfSgSmLz0xRsjJEcPPyc5OKUonVXJSfA9RdCwBd9SjT:1w1q2G:KjaKM3wXYpqCjQQw9O9s_7Ug8BNoyEGb3JJ1NaQ5DcE	2026-03-29 13:17:56.052069-05
\.


--
-- TOC entry 4034 (class 0 OID 17108)
-- Dependencies: 236
-- Data for Name: historial_modificaciones; Type: TABLE DATA; Schema: public; Owner: postgres
--

COPY public.historial_modificaciones (id_historial, id_plan, id_usuario, campo_modificado, valor_anterior, valor_nuevo, fecha_modificacion) FROM stdin;
\.


--
-- TOC entry 4032 (class 0 OID 17088)
-- Dependencies: 234
-- Data for Name: notificaciones; Type: TABLE DATA; Schema: public; Owner: postgres
--

COPY public.notificaciones (id_notificacion, id_usuario, mensaje, fecha_envio, estado) FROM stdin;
\.


--
-- TOC entry 4024 (class 0 OID 17013)
-- Dependencies: 226
-- Data for Name: pacientes; Type: TABLE DATA; Schema: public; Owner: postgres
--

COPY public.pacientes (id_paciente, nombre, fecha_nacimiento, diagnostico, estado, id_cuidador) FROM stdin;
\.


--
-- TOC entry 4026 (class 0 OID 17032)
-- Dependencies: 228
-- Data for Name: planes_cuidado; Type: TABLE DATA; Schema: public; Owner: postgres
--

COPY public.planes_cuidado (id_plan, id_paciente, descripcion, fecha_creacion, estado) FROM stdin;
\.


--
-- TOC entry 4022 (class 0 OID 16996)
-- Dependencies: 224
-- Data for Name: recuperacion_contraseña; Type: TABLE DATA; Schema: public; Owner: postgres
--

COPY public."recuperacion_contraseña" (id_recuperacion, id_usuario, codigo_recuperacion, fecha_expiracion, utilizado) FROM stdin;
1	2	258024	2026-03-14 21:28:25.960999-05	t
2	2	778486	2026-03-14 21:35:14.434173-05	t
\.


--
-- TOC entry 4030 (class 0 OID 17070)
-- Dependencies: 232
-- Data for Name: registro_actividades; Type: TABLE DATA; Schema: public; Owner: postgres
--

COPY public.registro_actividades (id_registro, id_actividad, fecha, estado, observaciones) FROM stdin;
\.


--
-- TOC entry 4018 (class 0 OID 16962)
-- Dependencies: 220
-- Data for Name: roles; Type: TABLE DATA; Schema: public; Owner: postgres
--

COPY public.roles (id_rol, nombre_rol) FROM stdin;
1	Cuidador
2	Familiar
\.


--
-- TOC entry 4020 (class 0 OID 16973)
-- Dependencies: 222
-- Data for Name: usuarios; Type: TABLE DATA; Schema: public; Owner: postgres
--

COPY public.usuarios (id_usuario, nombre, correo, password, telefono, direccion, id_rol, fecha_registro) FROM stdin;
1	Sara Sánchez Restrepo	sara.sanchez.5450@gmail.com	121212	321340000	\N	1	2026-03-15 02:15:52.188618
2	Maylen Sanchez Restrepo	maylen.sanchezre@amigo.edu.co	123456	12121212	\N	2	2026-03-15 12:17:08.017629
3	Ana Rios	ana.rios@gmail.com	123456	122222222	\N	1	2026-03-15 18:13:02.192216
\.


--
-- TOC entry 4055 (class 0 OID 17330)
-- Dependencies: 257
-- Data for Name: usuarios_usuario; Type: TABLE DATA; Schema: public; Owner: postgres
--

COPY public.usuarios_usuario (id, nombre, correo, password) FROM stdin;
\.


--
-- TOC entry 4070 (class 0 OID 0)
-- Dependencies: 229
-- Name: actividades_cuidado_id_actividad_seq; Type: SEQUENCE SET; Schema: public; Owner: postgres
--

SELECT pg_catalog.setval('public.actividades_cuidado_id_actividad_seq', 1, false);


--
-- TOC entry 4071 (class 0 OID 0)
-- Dependencies: 243
-- Name: auth_group_id_seq; Type: SEQUENCE SET; Schema: public; Owner: postgres
--

SELECT pg_catalog.setval('public.auth_group_id_seq', 1, false);


--
-- TOC entry 4072 (class 0 OID 0)
-- Dependencies: 245
-- Name: auth_group_permissions_id_seq; Type: SEQUENCE SET; Schema: public; Owner: postgres
--

SELECT pg_catalog.setval('public.auth_group_permissions_id_seq', 1, false);


--
-- TOC entry 4073 (class 0 OID 0)
-- Dependencies: 241
-- Name: auth_permission_id_seq; Type: SEQUENCE SET; Schema: public; Owner: postgres
--

SELECT pg_catalog.setval('public.auth_permission_id_seq', 28, true);


--
-- TOC entry 4074 (class 0 OID 0)
-- Dependencies: 249
-- Name: auth_user_groups_id_seq; Type: SEQUENCE SET; Schema: public; Owner: postgres
--

SELECT pg_catalog.setval('public.auth_user_groups_id_seq', 1, false);


--
-- TOC entry 4075 (class 0 OID 0)
-- Dependencies: 247
-- Name: auth_user_id_seq; Type: SEQUENCE SET; Schema: public; Owner: postgres
--

SELECT pg_catalog.setval('public.auth_user_id_seq', 1, false);


--
-- TOC entry 4076 (class 0 OID 0)
-- Dependencies: 251
-- Name: auth_user_user_permissions_id_seq; Type: SEQUENCE SET; Schema: public; Owner: postgres
--

SELECT pg_catalog.setval('public.auth_user_user_permissions_id_seq', 1, false);


--
-- TOC entry 4077 (class 0 OID 0)
-- Dependencies: 253
-- Name: django_admin_log_id_seq; Type: SEQUENCE SET; Schema: public; Owner: postgres
--

SELECT pg_catalog.setval('public.django_admin_log_id_seq', 1, false);


--
-- TOC entry 4078 (class 0 OID 0)
-- Dependencies: 239
-- Name: django_content_type_id_seq; Type: SEQUENCE SET; Schema: public; Owner: postgres
--

SELECT pg_catalog.setval('public.django_content_type_id_seq', 7, true);


--
-- TOC entry 4079 (class 0 OID 0)
-- Dependencies: 237
-- Name: django_migrations_id_seq; Type: SEQUENCE SET; Schema: public; Owner: postgres
--

SELECT pg_catalog.setval('public.django_migrations_id_seq', 19, true);


--
-- TOC entry 4080 (class 0 OID 0)
-- Dependencies: 235
-- Name: historial_modificaciones_id_historial_seq; Type: SEQUENCE SET; Schema: public; Owner: postgres
--

SELECT pg_catalog.setval('public.historial_modificaciones_id_historial_seq', 1, false);


--
-- TOC entry 4081 (class 0 OID 0)
-- Dependencies: 233
-- Name: notificaciones_id_notificacion_seq; Type: SEQUENCE SET; Schema: public; Owner: postgres
--

SELECT pg_catalog.setval('public.notificaciones_id_notificacion_seq', 1, false);


--
-- TOC entry 4082 (class 0 OID 0)
-- Dependencies: 225
-- Name: pacientes_id_paciente_seq; Type: SEQUENCE SET; Schema: public; Owner: postgres
--

SELECT pg_catalog.setval('public.pacientes_id_paciente_seq', 1, false);


--
-- TOC entry 4083 (class 0 OID 0)
-- Dependencies: 227
-- Name: planes_cuidado_id_plan_seq; Type: SEQUENCE SET; Schema: public; Owner: postgres
--

SELECT pg_catalog.setval('public.planes_cuidado_id_plan_seq', 1, false);


--
-- TOC entry 4084 (class 0 OID 0)
-- Dependencies: 223
-- Name: recuperacion_contraseña_id_recuperacion_seq; Type: SEQUENCE SET; Schema: public; Owner: postgres
--

SELECT pg_catalog.setval('public."recuperacion_contraseña_id_recuperacion_seq"', 2, true);


--
-- TOC entry 4085 (class 0 OID 0)
-- Dependencies: 231
-- Name: registro_actividades_id_registro_seq; Type: SEQUENCE SET; Schema: public; Owner: postgres
--

SELECT pg_catalog.setval('public.registro_actividades_id_registro_seq', 1, false);


--
-- TOC entry 4086 (class 0 OID 0)
-- Dependencies: 219
-- Name: roles_id_rol_seq; Type: SEQUENCE SET; Schema: public; Owner: postgres
--

SELECT pg_catalog.setval('public.roles_id_rol_seq', 3, true);


--
-- TOC entry 4087 (class 0 OID 0)
-- Dependencies: 221
-- Name: usuarios_id_usuario_seq; Type: SEQUENCE SET; Schema: public; Owner: postgres
--

SELECT pg_catalog.setval('public.usuarios_id_usuario_seq', 3, true);


--
-- TOC entry 4088 (class 0 OID 0)
-- Dependencies: 256
-- Name: usuarios_usuario_id_seq; Type: SEQUENCE SET; Schema: public; Owner: postgres
--

SELECT pg_catalog.setval('public.usuarios_usuario_id_seq', 1, false);


--
-- TOC entry 3793 (class 2606 OID 17063)
-- Name: actividades_cuidado actividades_cuidado_pkey; Type: CONSTRAINT; Schema: public; Owner: postgres
--

ALTER TABLE ONLY public.actividades_cuidado
    ADD CONSTRAINT actividades_cuidado_pkey PRIMARY KEY (id_actividad);


--
-- TOC entry 3813 (class 2606 OID 17312)
-- Name: auth_group auth_group_name_key; Type: CONSTRAINT; Schema: public; Owner: postgres
--

ALTER TABLE ONLY public.auth_group
    ADD CONSTRAINT auth_group_name_key UNIQUE (name);


--
-- TOC entry 3818 (class 2606 OID 17233)
-- Name: auth_group_permissions auth_group_permissions_group_id_permission_id_0cd325b0_uniq; Type: CONSTRAINT; Schema: public; Owner: postgres
--

ALTER TABLE ONLY public.auth_group_permissions
    ADD CONSTRAINT auth_group_permissions_group_id_permission_id_0cd325b0_uniq UNIQUE (group_id, permission_id);


--
-- TOC entry 3821 (class 2606 OID 17185)
-- Name: auth_group_permissions auth_group_permissions_pkey; Type: CONSTRAINT; Schema: public; Owner: postgres
--

ALTER TABLE ONLY public.auth_group_permissions
    ADD CONSTRAINT auth_group_permissions_pkey PRIMARY KEY (id);


--
-- TOC entry 3815 (class 2606 OID 17174)
-- Name: auth_group auth_group_pkey; Type: CONSTRAINT; Schema: public; Owner: postgres
--

ALTER TABLE ONLY public.auth_group
    ADD CONSTRAINT auth_group_pkey PRIMARY KEY (id);


--
-- TOC entry 3808 (class 2606 OID 17224)
-- Name: auth_permission auth_permission_content_type_id_codename_01ab375a_uniq; Type: CONSTRAINT; Schema: public; Owner: postgres
--

ALTER TABLE ONLY public.auth_permission
    ADD CONSTRAINT auth_permission_content_type_id_codename_01ab375a_uniq UNIQUE (content_type_id, codename);


--
-- TOC entry 3810 (class 2606 OID 17166)
-- Name: auth_permission auth_permission_pkey; Type: CONSTRAINT; Schema: public; Owner: postgres
--

ALTER TABLE ONLY public.auth_permission
    ADD CONSTRAINT auth_permission_pkey PRIMARY KEY (id);


--
-- TOC entry 3829 (class 2606 OID 17213)
-- Name: auth_user_groups auth_user_groups_pkey; Type: CONSTRAINT; Schema: public; Owner: postgres
--

ALTER TABLE ONLY public.auth_user_groups
    ADD CONSTRAINT auth_user_groups_pkey PRIMARY KEY (id);


--
-- TOC entry 3832 (class 2606 OID 17248)
-- Name: auth_user_groups auth_user_groups_user_id_group_id_94350c0c_uniq; Type: CONSTRAINT; Schema: public; Owner: postgres
--

ALTER TABLE ONLY public.auth_user_groups
    ADD CONSTRAINT auth_user_groups_user_id_group_id_94350c0c_uniq UNIQUE (user_id, group_id);


--
-- TOC entry 3823 (class 2606 OID 17202)
-- Name: auth_user auth_user_pkey; Type: CONSTRAINT; Schema: public; Owner: postgres
--

ALTER TABLE ONLY public.auth_user
    ADD CONSTRAINT auth_user_pkey PRIMARY KEY (id);


--
-- TOC entry 3835 (class 2606 OID 17222)
-- Name: auth_user_user_permissions auth_user_user_permissions_pkey; Type: CONSTRAINT; Schema: public; Owner: postgres
--

ALTER TABLE ONLY public.auth_user_user_permissions
    ADD CONSTRAINT auth_user_user_permissions_pkey PRIMARY KEY (id);


--
-- TOC entry 3838 (class 2606 OID 17262)
-- Name: auth_user_user_permissions auth_user_user_permissions_user_id_permission_id_14a6b632_uniq; Type: CONSTRAINT; Schema: public; Owner: postgres
--

ALTER TABLE ONLY public.auth_user_user_permissions
    ADD CONSTRAINT auth_user_user_permissions_user_id_permission_id_14a6b632_uniq UNIQUE (user_id, permission_id);


--
-- TOC entry 3826 (class 2606 OID 17305)
-- Name: auth_user auth_user_username_key; Type: CONSTRAINT; Schema: public; Owner: postgres
--

ALTER TABLE ONLY public.auth_user
    ADD CONSTRAINT auth_user_username_key UNIQUE (username);


--
-- TOC entry 3841 (class 2606 OID 17289)
-- Name: django_admin_log django_admin_log_pkey; Type: CONSTRAINT; Schema: public; Owner: postgres
--

ALTER TABLE ONLY public.django_admin_log
    ADD CONSTRAINT django_admin_log_pkey PRIMARY KEY (id);


--
-- TOC entry 3803 (class 2606 OID 17156)
-- Name: django_content_type django_content_type_app_label_model_76bd3d3b_uniq; Type: CONSTRAINT; Schema: public; Owner: postgres
--

ALTER TABLE ONLY public.django_content_type
    ADD CONSTRAINT django_content_type_app_label_model_76bd3d3b_uniq UNIQUE (app_label, model);


--
-- TOC entry 3805 (class 2606 OID 17154)
-- Name: django_content_type django_content_type_pkey; Type: CONSTRAINT; Schema: public; Owner: postgres
--

ALTER TABLE ONLY public.django_content_type
    ADD CONSTRAINT django_content_type_pkey PRIMARY KEY (id);


--
-- TOC entry 3801 (class 2606 OID 17144)
-- Name: django_migrations django_migrations_pkey; Type: CONSTRAINT; Schema: public; Owner: postgres
--

ALTER TABLE ONLY public.django_migrations
    ADD CONSTRAINT django_migrations_pkey PRIMARY KEY (id);


--
-- TOC entry 3845 (class 2606 OID 17325)
-- Name: django_session django_session_pkey; Type: CONSTRAINT; Schema: public; Owner: postgres
--

ALTER TABLE ONLY public.django_session
    ADD CONSTRAINT django_session_pkey PRIMARY KEY (session_key);


--
-- TOC entry 3799 (class 2606 OID 17122)
-- Name: historial_modificaciones historial_modificaciones_pkey; Type: CONSTRAINT; Schema: public; Owner: postgres
--

ALTER TABLE ONLY public.historial_modificaciones
    ADD CONSTRAINT historial_modificaciones_pkey PRIMARY KEY (id_historial);


--
-- TOC entry 3797 (class 2606 OID 17101)
-- Name: notificaciones notificaciones_pkey; Type: CONSTRAINT; Schema: public; Owner: postgres
--

ALTER TABLE ONLY public.notificaciones
    ADD CONSTRAINT notificaciones_pkey PRIMARY KEY (id_notificacion);


--
-- TOC entry 3789 (class 2606 OID 17025)
-- Name: pacientes pacientes_pkey; Type: CONSTRAINT; Schema: public; Owner: postgres
--

ALTER TABLE ONLY public.pacientes
    ADD CONSTRAINT pacientes_pkey PRIMARY KEY (id_paciente);


--
-- TOC entry 3791 (class 2606 OID 17045)
-- Name: planes_cuidado planes_cuidado_pkey; Type: CONSTRAINT; Schema: public; Owner: postgres
--

ALTER TABLE ONLY public.planes_cuidado
    ADD CONSTRAINT planes_cuidado_pkey PRIMARY KEY (id_plan);


--
-- TOC entry 3787 (class 2606 OID 17006)
-- Name: recuperacion_contraseña recuperacion_contraseña_pkey; Type: CONSTRAINT; Schema: public; Owner: postgres
--

ALTER TABLE ONLY public."recuperacion_contraseña"
    ADD CONSTRAINT "recuperacion_contraseña_pkey" PRIMARY KEY (id_recuperacion);


--
-- TOC entry 3795 (class 2606 OID 17081)
-- Name: registro_actividades registro_actividades_pkey; Type: CONSTRAINT; Schema: public; Owner: postgres
--

ALTER TABLE ONLY public.registro_actividades
    ADD CONSTRAINT registro_actividades_pkey PRIMARY KEY (id_registro);


--
-- TOC entry 3779 (class 2606 OID 16971)
-- Name: roles roles_nombre_rol_key; Type: CONSTRAINT; Schema: public; Owner: postgres
--

ALTER TABLE ONLY public.roles
    ADD CONSTRAINT roles_nombre_rol_key UNIQUE (nombre_rol);


--
-- TOC entry 3781 (class 2606 OID 16969)
-- Name: roles roles_pkey; Type: CONSTRAINT; Schema: public; Owner: postgres
--

ALTER TABLE ONLY public.roles
    ADD CONSTRAINT roles_pkey PRIMARY KEY (id_rol);


--
-- TOC entry 3783 (class 2606 OID 16989)
-- Name: usuarios usuarios_correo_key; Type: CONSTRAINT; Schema: public; Owner: postgres
--

ALTER TABLE ONLY public.usuarios
    ADD CONSTRAINT usuarios_correo_key UNIQUE (correo);


--
-- TOC entry 3785 (class 2606 OID 16987)
-- Name: usuarios usuarios_pkey; Type: CONSTRAINT; Schema: public; Owner: postgres
--

ALTER TABLE ONLY public.usuarios
    ADD CONSTRAINT usuarios_pkey PRIMARY KEY (id_usuario);


--
-- TOC entry 3849 (class 2606 OID 17342)
-- Name: usuarios_usuario usuarios_usuario_correo_key; Type: CONSTRAINT; Schema: public; Owner: postgres
--

ALTER TABLE ONLY public.usuarios_usuario
    ADD CONSTRAINT usuarios_usuario_correo_key UNIQUE (correo);


--
-- TOC entry 3851 (class 2606 OID 17340)
-- Name: usuarios_usuario usuarios_usuario_pkey; Type: CONSTRAINT; Schema: public; Owner: postgres
--

ALTER TABLE ONLY public.usuarios_usuario
    ADD CONSTRAINT usuarios_usuario_pkey PRIMARY KEY (id);


--
-- TOC entry 3811 (class 1259 OID 17313)
-- Name: auth_group_name_a6ea08ec_like; Type: INDEX; Schema: public; Owner: postgres
--

CREATE INDEX auth_group_name_a6ea08ec_like ON public.auth_group USING btree (name varchar_pattern_ops);


--
-- TOC entry 3816 (class 1259 OID 17244)
-- Name: auth_group_permissions_group_id_b120cbf9; Type: INDEX; Schema: public; Owner: postgres
--

CREATE INDEX auth_group_permissions_group_id_b120cbf9 ON public.auth_group_permissions USING btree (group_id);


--
-- TOC entry 3819 (class 1259 OID 17245)
-- Name: auth_group_permissions_permission_id_84c5c92e; Type: INDEX; Schema: public; Owner: postgres
--

CREATE INDEX auth_group_permissions_permission_id_84c5c92e ON public.auth_group_permissions USING btree (permission_id);


--
-- TOC entry 3806 (class 1259 OID 17230)
-- Name: auth_permission_content_type_id_2f476e4b; Type: INDEX; Schema: public; Owner: postgres
--

CREATE INDEX auth_permission_content_type_id_2f476e4b ON public.auth_permission USING btree (content_type_id);


--
-- TOC entry 3827 (class 1259 OID 17260)
-- Name: auth_user_groups_group_id_97559544; Type: INDEX; Schema: public; Owner: postgres
--

CREATE INDEX auth_user_groups_group_id_97559544 ON public.auth_user_groups USING btree (group_id);


--
-- TOC entry 3830 (class 1259 OID 17259)
-- Name: auth_user_groups_user_id_6a12ed8b; Type: INDEX; Schema: public; Owner: postgres
--

CREATE INDEX auth_user_groups_user_id_6a12ed8b ON public.auth_user_groups USING btree (user_id);


--
-- TOC entry 3833 (class 1259 OID 17274)
-- Name: auth_user_user_permissions_permission_id_1fbb5f2c; Type: INDEX; Schema: public; Owner: postgres
--

CREATE INDEX auth_user_user_permissions_permission_id_1fbb5f2c ON public.auth_user_user_permissions USING btree (permission_id);


--
-- TOC entry 3836 (class 1259 OID 17273)
-- Name: auth_user_user_permissions_user_id_a95ead1b; Type: INDEX; Schema: public; Owner: postgres
--

CREATE INDEX auth_user_user_permissions_user_id_a95ead1b ON public.auth_user_user_permissions USING btree (user_id);


--
-- TOC entry 3824 (class 1259 OID 17306)
-- Name: auth_user_username_6821ab7c_like; Type: INDEX; Schema: public; Owner: postgres
--

CREATE INDEX auth_user_username_6821ab7c_like ON public.auth_user USING btree (username varchar_pattern_ops);


--
-- TOC entry 3839 (class 1259 OID 17300)
-- Name: django_admin_log_content_type_id_c4bce8eb; Type: INDEX; Schema: public; Owner: postgres
--

CREATE INDEX django_admin_log_content_type_id_c4bce8eb ON public.django_admin_log USING btree (content_type_id);


--
-- TOC entry 3842 (class 1259 OID 17301)
-- Name: django_admin_log_user_id_c564eba6; Type: INDEX; Schema: public; Owner: postgres
--

CREATE INDEX django_admin_log_user_id_c564eba6 ON public.django_admin_log USING btree (user_id);


--
-- TOC entry 3843 (class 1259 OID 17327)
-- Name: django_session_expire_date_a5c62663; Type: INDEX; Schema: public; Owner: postgres
--

CREATE INDEX django_session_expire_date_a5c62663 ON public.django_session USING btree (expire_date);


--
-- TOC entry 3846 (class 1259 OID 17326)
-- Name: django_session_session_key_c0390e0f_like; Type: INDEX; Schema: public; Owner: postgres
--

CREATE INDEX django_session_session_key_c0390e0f_like ON public.django_session USING btree (session_key varchar_pattern_ops);


--
-- TOC entry 3847 (class 1259 OID 17343)
-- Name: usuarios_usuario_correo_80ace29b_like; Type: INDEX; Schema: public; Owner: postgres
--

CREATE INDEX usuarios_usuario_correo_80ace29b_like ON public.usuarios_usuario USING btree (correo varchar_pattern_ops);


--
-- TOC entry 3862 (class 2606 OID 17239)
-- Name: auth_group_permissions auth_group_permissio_permission_id_84c5c92e_fk_auth_perm; Type: FK CONSTRAINT; Schema: public; Owner: postgres
--

ALTER TABLE ONLY public.auth_group_permissions
    ADD CONSTRAINT auth_group_permissio_permission_id_84c5c92e_fk_auth_perm FOREIGN KEY (permission_id) REFERENCES public.auth_permission(id) DEFERRABLE INITIALLY DEFERRED;


--
-- TOC entry 3863 (class 2606 OID 17234)
-- Name: auth_group_permissions auth_group_permissions_group_id_b120cbf9_fk_auth_group_id; Type: FK CONSTRAINT; Schema: public; Owner: postgres
--

ALTER TABLE ONLY public.auth_group_permissions
    ADD CONSTRAINT auth_group_permissions_group_id_b120cbf9_fk_auth_group_id FOREIGN KEY (group_id) REFERENCES public.auth_group(id) DEFERRABLE INITIALLY DEFERRED;


--
-- TOC entry 3861 (class 2606 OID 17225)
-- Name: auth_permission auth_permission_content_type_id_2f476e4b_fk_django_co; Type: FK CONSTRAINT; Schema: public; Owner: postgres
--

ALTER TABLE ONLY public.auth_permission
    ADD CONSTRAINT auth_permission_content_type_id_2f476e4b_fk_django_co FOREIGN KEY (content_type_id) REFERENCES public.django_content_type(id) DEFERRABLE INITIALLY DEFERRED;


--
-- TOC entry 3864 (class 2606 OID 17254)
-- Name: auth_user_groups auth_user_groups_group_id_97559544_fk_auth_group_id; Type: FK CONSTRAINT; Schema: public; Owner: postgres
--

ALTER TABLE ONLY public.auth_user_groups
    ADD CONSTRAINT auth_user_groups_group_id_97559544_fk_auth_group_id FOREIGN KEY (group_id) REFERENCES public.auth_group(id) DEFERRABLE INITIALLY DEFERRED;


--
-- TOC entry 3865 (class 2606 OID 17249)
-- Name: auth_user_groups auth_user_groups_user_id_6a12ed8b_fk_auth_user_id; Type: FK CONSTRAINT; Schema: public; Owner: postgres
--

ALTER TABLE ONLY public.auth_user_groups
    ADD CONSTRAINT auth_user_groups_user_id_6a12ed8b_fk_auth_user_id FOREIGN KEY (user_id) REFERENCES public.auth_user(id) DEFERRABLE INITIALLY DEFERRED;


--
-- TOC entry 3866 (class 2606 OID 17268)
-- Name: auth_user_user_permissions auth_user_user_permi_permission_id_1fbb5f2c_fk_auth_perm; Type: FK CONSTRAINT; Schema: public; Owner: postgres
--

ALTER TABLE ONLY public.auth_user_user_permissions
    ADD CONSTRAINT auth_user_user_permi_permission_id_1fbb5f2c_fk_auth_perm FOREIGN KEY (permission_id) REFERENCES public.auth_permission(id) DEFERRABLE INITIALLY DEFERRED;


--
-- TOC entry 3867 (class 2606 OID 17263)
-- Name: auth_user_user_permissions auth_user_user_permissions_user_id_a95ead1b_fk_auth_user_id; Type: FK CONSTRAINT; Schema: public; Owner: postgres
--

ALTER TABLE ONLY public.auth_user_user_permissions
    ADD CONSTRAINT auth_user_user_permissions_user_id_a95ead1b_fk_auth_user_id FOREIGN KEY (user_id) REFERENCES public.auth_user(id) DEFERRABLE INITIALLY DEFERRED;


--
-- TOC entry 3868 (class 2606 OID 17290)
-- Name: django_admin_log django_admin_log_content_type_id_c4bce8eb_fk_django_co; Type: FK CONSTRAINT; Schema: public; Owner: postgres
--

ALTER TABLE ONLY public.django_admin_log
    ADD CONSTRAINT django_admin_log_content_type_id_c4bce8eb_fk_django_co FOREIGN KEY (content_type_id) REFERENCES public.django_content_type(id) DEFERRABLE INITIALLY DEFERRED;


--
-- TOC entry 3869 (class 2606 OID 17295)
-- Name: django_admin_log django_admin_log_user_id_c564eba6_fk_auth_user_id; Type: FK CONSTRAINT; Schema: public; Owner: postgres
--

ALTER TABLE ONLY public.django_admin_log
    ADD CONSTRAINT django_admin_log_user_id_c564eba6_fk_auth_user_id FOREIGN KEY (user_id) REFERENCES public.auth_user(id) DEFERRABLE INITIALLY DEFERRED;


--
-- TOC entry 3856 (class 2606 OID 17064)
-- Name: actividades_cuidado fk_actividad_plan; Type: FK CONSTRAINT; Schema: public; Owner: postgres
--

ALTER TABLE ONLY public.actividades_cuidado
    ADD CONSTRAINT fk_actividad_plan FOREIGN KEY (id_plan) REFERENCES public.planes_cuidado(id_plan);


--
-- TOC entry 3859 (class 2606 OID 17123)
-- Name: historial_modificaciones fk_historial_plan; Type: FK CONSTRAINT; Schema: public; Owner: postgres
--

ALTER TABLE ONLY public.historial_modificaciones
    ADD CONSTRAINT fk_historial_plan FOREIGN KEY (id_plan) REFERENCES public.planes_cuidado(id_plan);


--
-- TOC entry 3860 (class 2606 OID 17128)
-- Name: historial_modificaciones fk_historial_usuario; Type: FK CONSTRAINT; Schema: public; Owner: postgres
--

ALTER TABLE ONLY public.historial_modificaciones
    ADD CONSTRAINT fk_historial_usuario FOREIGN KEY (id_usuario) REFERENCES public.usuarios(id_usuario);


--
-- TOC entry 3858 (class 2606 OID 17102)
-- Name: notificaciones fk_notificacion_usuario; Type: FK CONSTRAINT; Schema: public; Owner: postgres
--

ALTER TABLE ONLY public.notificaciones
    ADD CONSTRAINT fk_notificacion_usuario FOREIGN KEY (id_usuario) REFERENCES public.usuarios(id_usuario);


--
-- TOC entry 3854 (class 2606 OID 17026)
-- Name: pacientes fk_paciente_cuidador; Type: FK CONSTRAINT; Schema: public; Owner: postgres
--

ALTER TABLE ONLY public.pacientes
    ADD CONSTRAINT fk_paciente_cuidador FOREIGN KEY (id_cuidador) REFERENCES public.usuarios(id_usuario);


--
-- TOC entry 3855 (class 2606 OID 17046)
-- Name: planes_cuidado fk_plan_paciente; Type: FK CONSTRAINT; Schema: public; Owner: postgres
--

ALTER TABLE ONLY public.planes_cuidado
    ADD CONSTRAINT fk_plan_paciente FOREIGN KEY (id_paciente) REFERENCES public.pacientes(id_paciente);


--
-- TOC entry 3853 (class 2606 OID 17007)
-- Name: recuperacion_contraseña fk_recuperacion_usuario; Type: FK CONSTRAINT; Schema: public; Owner: postgres
--

ALTER TABLE ONLY public."recuperacion_contraseña"
    ADD CONSTRAINT fk_recuperacion_usuario FOREIGN KEY (id_usuario) REFERENCES public.usuarios(id_usuario);


--
-- TOC entry 3857 (class 2606 OID 17082)
-- Name: registro_actividades fk_registro_actividad; Type: FK CONSTRAINT; Schema: public; Owner: postgres
--

ALTER TABLE ONLY public.registro_actividades
    ADD CONSTRAINT fk_registro_actividad FOREIGN KEY (id_actividad) REFERENCES public.actividades_cuidado(id_actividad);


--
-- TOC entry 3852 (class 2606 OID 16990)
-- Name: usuarios fk_usuario_rol; Type: FK CONSTRAINT; Schema: public; Owner: postgres
--

ALTER TABLE ONLY public.usuarios
    ADD CONSTRAINT fk_usuario_rol FOREIGN KEY (id_rol) REFERENCES public.roles(id_rol);


-- Completed on 2026-03-15 13:22:40 -05

--
-- PostgreSQL database dump complete
--

\unrestrict ARGbphAXlXEc7CymdACwLXnVznSX6SNq9IK8fcTn2AvfDoyJuMNrJw2b3nLSeHq

